{
    "Rnn": [
        [
            0.00042539469992846865
        ],
        [
            0.015093409389022693
        ],
        [
            0.012098219024469122
        ],
        [
            0.0038420720284403445
        ],
        [
            -0.011821018867363944
        ],
        [
            0.011303756284673274
        ],
        [
            0.004948578538463739
        ],
        [
            0.0042122598553133665
        ],
        [
            -0.011807062117131804
        ],
        [
            0.012689442075840196
        ]
    ],
    "real_response": [
        -0.010558599343536215,
        -0.12738034740544105,
        0.019963662600680304,
        0.11265454232016577,
        -0.13327119894653972,
        0.07886686241391744,
        -0.05241593670528449,
        0.06414062168694365,
        0.011830253170956985,
        -0.06303787463833452
    ],
    "RNN": [
        0.6218008399009705,
        0.30871132016181946,
        0.6910039186477661,
        0.39187562465667725,
        0.13041606545448303,
        0.6031345129013062,
        0.6695947051048279
    ],
    "LSTM": [
        0.22676019370555878,
        0.23201316595077515,
        0.2460137903690338,
        0.209325909614563,
        0.23464491963386536,
        0.2522420287132263,
        0.2759014070034027
    ]
}