{
    "NBEATS": [
        [
            -0.028404849963607905
        ],
        [
            -0.03562198506857753
        ],
        [
            0.02203846315834603
        ],
        [
            0.032553186093004796
        ],
        [
            0.014822880670354128
        ],
        [
            -0.02902532975670664
        ],
        [
            -0.020132352145306887
        ],
        [
            0.06255483209178148
        ],
        [
            -0.00041893971719325146
        ],
        [
            0.009307838269973586
        ],
        [
            -0.00945705152393244
        ],
        [
            0.0670429962996008
        ]
    ],
    "real response": [
        0.07886686241391744,
        -0.05241593670528449,
        0.06414062168694365,
        0.011830253170956985,
        -0.06303787463833452,
        -0.018409640291173115,
        0.016326507533866837,
        0.05945164517052481,
        0.046594256577870266,
        -0.09653477582322958,
        0.05848779884437748,
        0.08520216438930671
    ]
}