{
    "NBEATS": [
        0.047512528435679616,
        -0.004222040415374337,
        0.0017974311907273603,
        -0.04156403152966656,
        0.014247111460515821,
        0.009613271173434848,
        0.04186024267447004,
        -0.0073813099170658755,
        0.003774452014805949,
        -0.006469855962282979,
        -0.03991665672698006,
        -0.03271748618366034
    ],
    "real response": [
        -0.010558599343536215,
        -0.12738034740544105,
        0.019963662600680304,
        0.11265454232016577,
        -0.13327119894653972,
        0.07886686241391744,
        -0.05241593670528449,
        0.06414062168694365,
        0.011830253170956985,
        -0.06303787463833452,
        -0.018409640291173115,
        0.016326507533866837
    ]
}